Avg_Temperature_C,Energy_Consumption_kWh,Household_Size,Peak_Hours_Usage_kWh
10.0,12.047619047619047,3.507936507936508,5.401587301587302
10.1,13.8,4.090909090909091,6.3
10.2,10.181818181818182,3.090909090909091,4.5636363636363635
10.3,10.7125,3.125,4.66875
10.4,14.190000000000001,4.1,6.51
10.5,12.55,3.7,5.68
10.6,13.022222222222222,3.7222222222222223,5.866666666666666
10.7,11.4875,3.25,5.15625
10.8,14.51304347826087,4.130434782608695,6.560869565217391
10.9,11.226086956521739,3.347826086956522,5.143478260869565
11.0,10.437931034482759,3.1724137931034484,4.675862068965517
11.1,10.565217391304348,3.347826086956522,4.739130434782608
11.2,11.88695652173913,3.4782608695652173,5.369565217391305
11.3,13.8,3.9722222222222223,6.1194444444444445
11.4,9.789473684210526,2.8157894736842106,4.4605263157894735
11.5,9.947058823529412,2.8823529411764706,4.423529411764706
11.6,12.934375,3.78125,5.740625
11.7,11.55,3.46,5.26
11.8,11.601886792452829,3.3207547169811322,5.122641509433962
11.9,11.489830508474576,3.3559322033898304,5.067796610169491
12.0,12.288333333333332,3.55,5.475
12.1,11.09,3.242857142857143,5.041428571428571
12.2,12.10677966101695,3.4745762711864407,5.408474576271187
12.3,11.867901234567901,3.4074074074074074,5.31358024691358
12.4,12.812941176470588,3.6941176470588237,5.752941176470588
12.5,10.613636363636363,3.118181818181818,4.725454545454545
12.6,12.451282051282051,3.6324786324786325,5.5606837606837605
12.7,11.75612244897959,3.4693877551020407,5.295918367346939
12.8,12.646825396825397,3.6825396825396823,5.723015873015873
12.9,12.74017094017094,3.658119658119658,5.718803418803419
13.0,12.403539823008849,3.5929203539823007,5.538938053097345
13.1,11.842567567567567,3.4527027027027026,5.335135135135135
13.2,11.958433734939758,3.4819277108433737,5.421686746987952
13.3,11.328476821192053,3.271523178807947,5.125827814569536
13.4,12.081005586592179,3.558659217877095,5.446368715083799
13.5,12.602415458937196,3.676328502415459,5.661352657004831
13.6,11.58546255506608,3.3612334801762116,5.222907488986784
13.7,11.583574879227054,3.347826086956522,5.254106280193236
13.8,12.41822033898305,3.555084745762712,5.586864406779661
13.9,12.138492063492064,3.5515873015873014,5.413095238095238
14.0,12.042857142857143,3.494208494208494,5.44942084942085
14.1,12.055305466237941,3.527331189710611,5.429903536977492
14.2,12.48839590443686,3.583617747440273,5.590102389078498
14.3,11.778983050847458,3.3728813559322033,5.335254237288136
14.4,11.855792682926829,3.4390243902439024,5.335670731707316
14.5,11.862702702702702,3.4567567567567568,5.3432432432432435
14.6,12.081073446327682,3.522598870056497,5.467231638418079
14.7,11.859398496240601,3.4837092731829573,5.386215538847117
14.8,12.588641975308642,3.6790123456790123,5.671604938271605
14.9,11.586304909560722,3.3850129198966408,5.22609819121447
15.0,12.26712643678161,3.5517241379310347,5.547586206896551
15.1,12.063574660633485,3.502262443438914,5.461764705882353
15.2,11.95847619047619,3.4895238095238095,5.413904761904762
15.3,12.111374407582938,3.5260663507109005,5.468957345971564
15.4,11.80375234521576,3.375234521575985,5.304127579737336
15.5,12.19937369519833,3.4926931106471817,5.501461377870563
15.6,12.267811934900543,3.5316455696202533,5.544484629294756
15.7,12.161862917398945,3.500878734622144,5.459929701230228
15.8,12.099821109123434,3.483005366726297,5.435778175313059
15.9,12.31952861952862,3.548821548821549,5.565824915824916
16.0,12.609760273972604,3.589041095890411,5.682534246575342
16.1,12.011035653650255,3.432937181663837,5.412733446519525
16.2,12.456112852664576,3.5689655172413794,5.595297805642634
16.3,12.408223684210526,3.5213815789473686,5.564309210526315
16.4,12.563650075414783,3.5776772247360484,5.640723981900453
16.5,12.414098837209302,3.5305232558139537,5.590988372093023
16.6,12.046423562412343,3.4179523141654977,5.394810659186536
16.7,12.375366568914956,3.4912023460410557,5.579032258064516
16.8,12.20968660968661,3.4458689458689458,5.495868945868946
16.9,12.209707241910632,3.453004622496148,5.482434514637904
17.0,12.741566265060241,3.608433734939759,5.741265060240964
17.1,12.409650349650349,3.5244755244755246,5.588951048951049
17.2,12.30756062767475,3.500713266761769,5.543223965763196
17.3,12.486095505617978,3.5112359550561796,5.6212078651685395
17.4,12.258152173913043,3.4592391304347827,5.514538043478261
17.5,12.385734265734264,3.5006993006993006,5.572447552447553
17.6,12.80569230769231,3.6138461538461537,5.752923076923077
17.7,12.884840425531914,3.601063829787234,5.801196808510638
17.8,12.628400597907325,3.530642750373692,5.684454409566517
17.9,12.61399416909621,3.5408163265306123,5.67069970845481
18.0,12.608823529411765,3.541176470588235,5.671323529411764
18.1,12.444037940379404,3.453929539295393,5.574796747967479
18.2,12.827606461086638,3.5873715124816448,5.761380323054332
18.3,12.617448680351906,3.502932551319648,5.665689149560118
18.4,12.13855421686747,3.352409638554217,5.465060240963855
18.5,12.291096979332274,3.414944356120827,5.52972972972973
18.6,12.76973293768546,3.5445103857566767,5.777448071216617
18.7,12.793249607535323,3.5698587127158556,5.75447409733124
18.8,12.55023923444976,3.4768740031897925,5.6550239234449755
18.9,12.500511945392493,3.416382252559727,5.631740614334471
19.0,12.538969404186796,3.426731078904992,5.628502415458938
19.1,13.141483979763912,3.603709949409781,5.895615514333895
19.2,12.784074074074073,3.5314814814814817,5.763148148148148
19.3,12.658333333333333,3.4543650793650795,5.7138888888888895
19.4,12.441254752851712,3.408745247148289,5.589163498098859
19.5,12.420477137176938,3.4174950298210733,5.610536779324056
19.6,13.047619047619047,3.548654244306418,5.851966873706004
19.7,12.925932835820896,3.5223880597014925,5.821641791044776
19.8,13.006711409395972,3.5503355704697985,5.855928411633109
19.9,13.33663967611336,3.6214574898785425,5.996558704453442
20.0,13.395414847161573,3.62882096069869,6.042139737991267
20.1,13.02886075949367,3.541772151898734,5.872911392405063
20.2,13.23628808864266,3.5844875346260388,5.954293628808864
20.3,13.02076923076923,3.517948717948718,5.859230769230769
20.4,12.940350877192984,3.4327485380116958,5.79766081871345
20.5,13.310557184750731,3.5747800586510263,5.981524926686217
20.6,12.732608695652173,3.4528985507246377,5.73876811594203
20.7,13.041016949152542,3.5254237288135593,5.8738983050847455
20.8,13.166323024054984,3.5876288659793816,5.956701030927835
20.9,12.999290780141845,3.50709219858156,5.8482269503546105
21.0,12.99433962264151,3.4716981132075473,5.808301886792453
21.1,12.537918215613383,3.3271375464684017,5.646468401486989
21.2,12.941850220264318,3.4713656387665197,5.851541850220264
21.3,12.429203539823009,3.3053097345132745,5.578761061946903
21.4,13.237560975609755,3.526829268292683,5.974146341463415
21.5,13.059999999999999,3.405128205128205,5.889230769230769
21.6,13.054487179487179,3.532051282051282,5.884615384615385
21.7,12.595477386934673,3.3668341708542715,5.653768844221105
21.8,13.112041884816755,3.4554973821989527,5.907853403141361
21.9,14.23939393939394,3.8,6.376969696969697
22.0,13.02125,3.425,5.88125
22.1,12.862745098039216,3.392156862745098,5.787581699346405
22.2,13.06796875,3.4609375,5.8
22.3,13.927027027027028,3.6216216216216215,6.2990990990991
22.4,12.9,3.361904761904762,5.855238095238095
22.5,14.532954545454546,3.909090909090909,6.521590909090909
22.6,12.892523364485982,3.3738317757009346,5.785046728971962
22.7,13.122093023255815,3.4186046511627906,5.952325581395349
22.8,12.98235294117647,3.5,5.826470588235294
22.9,14.34179104477612,3.8805970149253732,6.508955223880597
23.0,12.82878787878788,3.3333333333333335,5.75909090909091
23.1,14.122727272727273,3.8181818181818183,6.336363636363636
23.2,13.339024390243901,3.4878048780487805,5.9975609756097565
23.3,12.185714285714287,3.204081632653061,5.5285714285714285
23.4,13.486666666666666,3.5555555555555554,6.031111111111111
23.5,13.372499999999999,3.425,6.0125
23.6,12.973333333333333,3.466666666666667,5.776666666666667
23.7,12.196774193548388,3.225806451612903,5.490322580645161
23.8,13.09189189189189,3.4054054054054053,5.883783783783784
23.9,14.163157894736843,3.736842105263158,6.536842105263158
24.0,11.508333333333333,2.9166666666666665,5.325
24.1,13.98709677419355,3.6774193548387095,6.27741935483871
24.2,13.716666666666667,3.3333333333333335,6.033333333333333
24.3,15.47777777777778,3.7777777777777777,6.588888888888889
24.4,14.85,3.8333333333333335,6.591666666666666
24.5,16.216666666666665,4.083333333333333,7.291666666666667
24.6,15.666666666666666,4.111111111111111,6.944444444444445
24.7,11.863636363636363,3.090909090909091,5.2727272727272725
24.8,10.633333333333333,2.6666666666666665,4.633333333333334
24.9,18.55,5.0,8.033333333333333
25.0,13.079411764705881,3.323529411764706,5.855882352941176
